"rx","sex","age","obstruct","perfor","adhere","nodes","status","differ","extent","surg","node4","time"
3,1,43,0,0,0,5,1,2,3,0,1,1521
3,1,63,0,0,0,1,0,2,3,0,0,3087
1,0,71,0,0,1,7,1,2,2,0,1,963
3,0,66,1,0,0,6,1,2,3,1,1,293
1,1,69,0,0,0,22,1,2,3,1,1,659
3,0,57,0,0,0,9,1,2,3,0,1,1767
2,1,77,0,0,0,5,1,2,3,1,1,420
1,1,54,0,0,0,1,0,2,3,0,0,3192
2,1,46,0,0,1,2,0,2,3,0,0,3173
3,0,68,0,0,0,1,0,2,3,1,0,3308
2,0,47,0,0,1,1,0,2,3,0,0,2908
3,1,52,0,0,0,2,0,3,3,1,0,3309
1,1,64,0,0,0,1,1,2,3,0,0,2085
2,1,68,1,0,0,3,1,2,3,0,0,2910
1,1,46,1,0,0,4,0,2,3,0,0,2754
1,1,68,0,0,0,1,0,2,3,1,0,3214
2,1,62,1,0,1,6,1,2,3,0,1,406
2,1,79,1,0,0,1,1,2,3,1,0,522
3,0,34,1,0,0,1,1,2,2,0,0,887
2,0,50,0,0,1,1,0,2,3,0,0,3329
1,1,64,1,0,0,1,1,2,3,1,0,2789
2,1,56,1,0,0,4,1,2,3,1,0,739
2,0,61,0,0,0,4,1,2,3,0,0,709
3,0,50,0,0,0,1,0,2,2,0,0,2969
3,0,70,0,0,0,4,0,2,3,0,0,2889
1,1,73,0,0,0,1,1,2,3,0,0,1772
1,0,70,0,0,1,13,1,2,3,0,1,384
2,0,68,0,0,0,1,1,2,3,0,0,968
1,0,56,1,0,0,6,1,3,3,0,1,218
2,1,80,0,0,0,1,1,3,3,0,0,133
3,0,64,0,0,0,1,0,2,1,0,0,3238
3,0,33,1,0,0,3,0,2,3,0,0,3019
1,0,49,0,0,0,2,1,2,3,1,0,1745
1,1,47,0,0,0,3,1,2,3,1,0,2527
3,0,56,0,0,0,1,1,2,3,1,0,1387
3,0,72,0,0,1,1,0,3,3,1,0,3024
1,1,79,0,0,0,19,1,2,3,0,1,570
1,0,64,0,0,0,1,0,3,3,0,0,2815
2,1,61,0,0,0,2,0,3,3,0,0,2901
2,1,58,0,0,0,7,1,2,3,0,1,553
3,1,75,0,0,0,2,1,2,3,1,0,905
1,0,39,1,0,0,1,0,1,3,1,0,3030
1,1,71,1,0,0,3,1,2,2,1,0,685
2,0,58,1,0,0,2,0,2,3,0,0,2740
3,1,40,0,0,0,1,0,1,3,1,0,2899
1,0,63,0,1,0,2,0,2,3,0,0,2598
3,0,59,0,0,0,1,0,3,1,0,0,2840
2,0,59,1,0,0,2,0,1,3,1,0,2802
3,1,59,0,0,0,6,0,2,3,0,1,2781
2,1,60,0,0,0,5,1,3,3,0,1,833
1,0,68,0,0,0,2,1,2,3,1,0,1290
3,0,70,0,0,0,3,1,2,3,0,0,1620
1,1,76,0,0,0,2,0,2,3,0,0,2765
2,0,45,0,0,0,3,0,2,3,0,0,2708
3,1,61,0,0,0,2,0,2,2,1,0,2737
1,1,76,0,0,0,3,1,1,3,0,0,1178
2,1,53,0,0,0,2,0,2,3,0,0,2765
3,0,63,0,0,0,5,0,2,3,1,1,2883
1,0,65,0,0,0,6,0,3,3,1,1,2679
1,0,57,1,0,0,4,0,3,3,0,0,2925
2,1,80,0,1,0,4,1,2,3,1,0,472
2,1,58,0,0,0,1,0,1,2,1,0,2772
1,0,53,0,0,0,15,1,3,3,0,1,474
1,0,71,0,0,0,1,1,1,3,0,0,365
3,0,66,0,0,0,2,0,2,3,0,0,2653
3,1,49,0,0,0,6,0,3,3,0,1,2726
1,1,60,0,0,0,10,1,2,3,0,1,774
1,0,70,0,0,0,3,0,2,1,0,0,3078
1,0,40,0,0,0,2,1,2,3,1,0,2133
3,0,55,0,0,0,1,1,2,3,0,0,2127
3,0,56,0,0,0,15,1,2,3,0,1,400
3,1,54,0,0,0,9,0,2,3,0,1,3185
1,0,49,1,0,0,5,1,3,3,0,1,1237
2,0,71,0,0,0,7,1,2,3,0,1,1219
1,0,67,0,0,0,4,0,2,3,0,0,3017
2,0,68,0,0,0,5,1,2,3,1,1,806
3,1,63,0,0,0,2,0,2,3,1,0,2985
2,1,50,1,0,1,1,0,2,3,0,0,2969
3,0,45,0,0,0,7,1,2,2,0,1,1995
2,1,66,0,0,0,1,0,2,2,0,0,2958
1,0,46,0,0,0,1,1,3,3,0,0,1133
2,1,63,1,0,0,2,0,2,2,0,0,3085
3,1,45,0,0,0,8,1,3,3,0,1,736
2,0,49,0,0,0,1,0,2,3,0,0,2789
2,0,62,0,0,0,2,0,2,2,0,0,3325
1,1,59,0,0,0,4,1,2,3,0,0,381
3,0,80,0,0,0,4,0,1,3,0,0,2724
1,1,46,0,0,0,11,1,2,3,0,1,413
2,1,64,0,0,0,4,1,2,3,0,0,708
2,1,45,0,0,0,9,0,2,3,0,1,2765
3,1,66,0,0,0,1,0,2,3,0,0,2918
2,1,67,0,0,1,2,1,2,4,1,0,2458
1,0,65,0,0,0,20,1,2,4,0,1,459
3,1,74,0,0,1,1,1,2,3,0,0,2318
1,0,58,0,0,1,8,1,2,2,0,1,2077
1,1,59,0,0,0,6,1,2,3,0,1,1216
2,1,61,0,0,0,5,1,3,3,0,1,171
3,1,49,0,0,0,2,1,2,3,0,0,712
3,0,50,0,0,0,6,1,2,3,0,1,614
1,0,75,0,0,0,1,0,2,3,0,0,2849
1,1,68,0,0,0,3,1,3,3,0,0,1530
2,0,60,0,0,1,10,1,2,3,1,1,402
3,0,65,0,0,1,2,1,2,3,0,0,1511
2,0,74,0,0,0,5,0,2,3,0,1,2828
3,0,52,0,0,0,3,1,3,3,1,0,23
3,1,64,0,0,1,6,0,2,3,0,1,2941
2,1,47,0,0,1,1,1,2,3,0,0,755
1,0,45,0,0,0,1,0,2,1,0,0,2815
1,1,61,1,0,1,5,1,3,3,0,1,761
2,1,53,0,0,0,2,1,3,3,0,0,1839
1,1,60,1,0,0,5,1,2,3,1,1,2351
3,0,60,0,0,0,1,0,2,3,0,0,2760
2,0,51,0,0,0,5,0,2,3,0,1,2951
3,0,60,0,0,1,1,0,2,3,1,0,2820
1,0,64,0,0,0,1,1,2,3,0,0,1327
3,0,52,0,0,0,1,0,2,3,0,0,2678
2,0,65,0,0,0,2,1,3,3,0,0,226
3,0,70,0,0,0,1,0,2,3,1,0,2913
1,1,55,0,0,0,2,0,2,3,1,0,2862
3,1,71,0,0,0,5,1,3,3,0,1,454
1,1,30,0,0,0,1,0,2,2,0,0,2743
1,0,40,0,0,0,3,1,2,3,0,0,1679
1,1,31,1,0,0,11,1,3,3,0,1,924
1,1,53,0,0,0,1,1,2,2,0,0,721
1,1,67,0,0,0,1,1,2,3,0,0,709
3,0,58,0,0,0,1,1,2,3,0,0,961
3,0,79,1,0,0,2,1,3,3,0,0,326
2,0,55,0,0,0,1,0,3,2,1,0,2703
1,0,63,0,0,1,2,1,2,3,0,0,289
3,1,55,1,0,0,2,0,2,3,1,0,2905
2,1,42,1,0,0,5,1,2,3,0,1,206
1,1,56,0,0,0,1,0,2,3,1,0,2618
2,0,64,0,0,0,8,1,2,3,0,1,283
2,1,55,1,0,0,2,1,2,3,0,0,2718
1,0,25,1,0,0,7,0,2,3,0,1,2826
3,1,59,0,0,0,1,0,2,3,0,0,2916
2,1,28,0,0,0,9,1,3,3,0,1,499
1,0,52,0,0,0,1,0,2,1,0,0,2899
1,0,64,0,0,0,5,1,3,3,1,1,673
1,0,33,1,0,1,1,0,1,3,0,0,3000
1,1,76,0,0,0,1,1,2,3,1,0,2284
2,1,38,0,0,0,2,1,1,3,0,0,362
2,0,53,1,1,0,1,1,2,3,0,0,2152
1,0,72,1,0,0,2,0,2,3,1,0,2562
2,1,46,0,0,0,1,0,2,3,0,0,2730
3,0,69,0,0,0,13,1,2,3,0,1,802
1,1,43,1,0,0,0,1,3,3,1,0,1166
3,1,72,1,0,1,2,1,2,3,0,0,1193
3,1,73,1,0,0,2,1,2,3,1,0,45
1,1,68,0,0,0,3,0,2,3,0,0,2577
1,0,52,0,1,0,6,1,1,3,0,1,1136
2,0,73,1,0,0,2,0,2,3,0,0,2497
3,1,66,1,0,0,1,0,2,3,0,0,2648
1,0,75,0,0,0,2,0,3,3,0,0,2458
3,0,57,0,0,0,1,1,2,3,0,0,580
1,1,74,1,0,0,6,1,2,3,1,1,485
2,0,67,0,0,0,1,0,2,3,0,0,2656
3,0,66,0,0,1,2,1,2,3,1,0,806
1,1,57,1,0,0,3,0,2,3,0,0,2435
3,0,81,0,0,0,3,1,2,3,0,0,1439
1,1,50,0,0,0,4,1,3,3,1,0,717
2,1,62,1,1,0,2,0,2,3,0,0,2568
3,0,48,0,0,0,4,0,1,3,0,0,2631
3,1,45,0,0,0,2,0,2,2,0,0,1474
2,1,46,0,0,1,2,1,2,3,1,0,2593
3,0,72,0,0,0,2,1,2,3,1,0,1550
1,0,55,0,0,0,4,1,2,3,0,0,670
2,1,67,1,0,0,1,1,2,3,1,0,430
3,0,41,0,0,0,2,0,2,3,1,0,2821
3,1,56,0,0,0,2,0,2,1,0,0,2672
3,1,50,0,0,0,4,0,2,1,0,0,2699
3,0,65,0,0,0,1,0,1,2,0,0,2927
3,1,74,0,0,1,1,1,2,3,0,0,993
1,0,74,0,0,0,2,0,2,3,0,0,2580
1,0,58,0,0,0,4,0,2,3,0,0,2621
2,0,56,0,0,0,4,0,3,3,0,0,2779
1,0,75,0,0,0,1,0,2,2,0,0,2794
3,1,67,0,0,0,4,0,2,3,0,0,2656
2,0,58,0,0,0,6,0,1,3,1,1,2513
3,0,58,0,0,0,2,0,2,3,1,0,2488
2,1,41,0,0,0,33,1,3,3,0,1,1112
3,0,69,0,0,0,1,1,2,3,0,0,363
1,1,57,1,0,1,1,1,2,3,0,0,949
3,0,45,1,0,1,1,1,2,3,1,0,127
3,0,76,0,0,0,4,0,2,3,0,0,2871
1,1,59,0,0,1,2,0,2,3,0,0,2558
1,0,66,0,0,0,1,1,2,3,0,0,2083
1,0,65,0,0,0,1,0,3,2,0,0,2747
2,1,69,0,0,0,1,1,1,3,0,0,1105
2,1,71,0,0,0,1,1,1,3,1,0,961
3,1,58,0,0,0,7,0,3,3,0,1,2592
1,0,40,0,0,0,4,1,2,3,0,0,2552
3,0,39,0,0,0,2,0,1,1,0,0,2474
2,0,42,0,0,0,4,0,2,3,0,0,2349
3,0,53,0,0,0,4,0,1,1,0,0,2835
1,1,43,0,0,0,2,0,2,3,1,0,2761
1,0,51,0,0,0,4,1,2,3,1,0,411
2,1,77,0,0,0,2,0,1,3,0,0,2720
2,1,67,1,0,0,1,0,2,3,0,0,2495
1,1,41,0,0,0,7,1,2,3,0,1,462
3,1,63,1,1,1,2,0,3,4,1,0,2497
2,1,63,0,0,1,3,0,2,2,0,0,2343
3,0,63,0,0,0,6,0,2,3,0,1,2630
3,0,58,1,0,0,8,0,2,3,0,1,2461
3,0,67,0,0,0,4,0,2,4,0,0,2747
3,1,55,1,0,0,7,1,2,3,0,1,2482
2,1,63,1,0,0,5,1,3,3,0,1,580
2,1,77,0,0,1,1,1,2,3,0,0,1215
2,1,43,1,1,1,4,0,3,3,1,0,2525
3,0,78,0,0,0,2,0,2,2,0,0,2842
1,0,51,0,0,1,5,1,2,3,1,1,1272
1,1,67,1,0,0,1,1,2,3,0,0,438
2,1,66,0,0,0,1,0,2,3,0,0,2423
1,0,64,0,0,1,1,1,2,4,1,0,599
1,0,75,1,0,1,1,0,2,3,0,0,2706
2,1,53,0,0,0,1,1,2,3,0,0,2683
2,1,48,1,1,0,2,0,2,3,0,0,2723
1,0,59,0,0,1,1,1,2,4,0,0,1230
1,0,60,0,0,0,1,0,2,3,1,0,2731
1,1,42,0,0,0,2,0,2,3,0,0,2313
2,1,60,0,0,0,1,0,2,2,1,0,2484
3,1,58,0,0,0,1,0,1,3,0,0,2754
3,1,59,0,0,0,2,1,2,2,0,0,2725
1,0,70,0,0,0,2,1,2,3,0,0,1295
3,0,75,0,0,0,3,0,2,3,0,0,2506
3,0,73,0,0,0,3,0,2,3,0,0,2713
1,1,76,0,0,0,1,0,2,3,0,0,2695
3,0,68,0,0,0,3,1,2,3,0,0,1276
2,1,61,0,0,0,2,0,2,4,0,0,2600
3,1,76,0,0,0,1,0,2,2,0,0,2352
3,0,56,0,1,1,3,0,2,3,1,0,2775
1,0,60,1,0,1,4,1,3,3,0,0,437
2,1,72,0,0,0,9,1,2,3,1,1,1709
3,0,74,1,0,0,11,1,2,3,0,1,1607
3,0,62,0,0,0,3,1,2,3,1,0,1637
2,0,76,0,0,0,1,1,1,3,0,0,1117
3,1,72,0,0,0,2,0,2,3,1,0,2732
2,1,57,0,0,0,2,1,3,3,0,0,222
1,0,39,0,0,0,1,0,2,4,0,0,2688
3,1,61,0,0,0,1,0,2,3,0,0,2520
1,0,62,0,0,0,5,1,3,3,0,1,595
2,1,70,0,0,0,2,1,2,3,1,0,343
1,0,70,0,0,0,5,1,2,3,0,0,874
2,0,57,1,0,0,8,1,2,3,0,1,232
2,1,65,0,0,0,3,0,2,2,0,0,2558
2,0,65,0,0,0,1,0,2,3,0,0,2711
1,0,71,0,0,0,15,1,2,3,0,1,113
2,0,70,1,0,0,3,1,2,3,0,0,643
1,0,36,0,0,0,1,0,2,3,1,0,2413
2,1,48,0,0,0,2,0,2,1,0,0,2509
2,1,53,0,0,0,1,0,1,3,0,0,2356
3,1,54,0,0,0,3,1,2,3,1,0,1279
2,1,58,0,0,0,3,1,1,3,0,0,938
1,1,67,0,0,0,3,0,2,3,0,0,2761
2,1,59,1,0,0,2,0,2,3,1,0,2386
1,0,67,0,0,1,4,1,2,3,0,1,433
3,0,60,1,0,0,1,0,3,3,1,0,2445
2,0,70,0,0,0,1,0,2,2,0,0,2280
1,1,76,0,0,0,3,1,1,3,0,0,311
3,1,60,1,0,0,1,1,1,3,0,0,977
1,0,67,1,0,0,12,1,1,3,0,1,833
2,1,53,0,0,0,3,1,2,3,0,0,582
3,0,76,0,0,0,1,0,1,3,0,0,2541
1,1,74,0,0,0,2,1,2,3,1,0,238
1,0,56,1,0,0,6,1,2,4,0,1,2257
2,0,65,0,0,0,1,0,2,2,0,0,2501
3,1,63,0,0,0,2,1,2,3,1,0,1798
1,1,56,0,0,0,2,1,2,3,0,0,883
2,0,70,0,0,1,4,0,3,3,0,0,2548
3,0,48,0,0,0,9,0,2,3,0,1,2527
2,1,45,1,0,0,2,0,2,3,0,0,2263
2,0,68,0,0,0,8,1,2,3,0,1,706
2,0,57,0,0,0,1,0,2,2,0,0,2588
3,1,70,0,0,0,1,1,2,2,1,0,2542
3,1,39,0,0,0,1,0,2,3,0,0,1279
1,1,46,0,0,1,1,1,3,4,0,0,1304
1,0,77,1,0,0,4,0,2,3,0,0,2324
3,1,59,1,0,0,1,0,1,3,0,0,2488
2,0,58,0,0,0,1,0,2,3,1,0,2628
1,1,56,0,0,0,8,0,2,3,1,1,2800
1,0,57,0,1,1,1,0,2,3,0,0,2503
3,0,44,0,0,0,3,1,2,3,0,0,1446
3,1,56,0,0,1,3,1,2,3,0,0,641
1,1,67,0,0,0,4,1,2,3,0,0,1788
3,1,62,0,0,0,6,0,2,2,0,1,2304
2,0,68,0,0,0,7,1,2,3,0,1,944
2,1,61,0,0,0,2,0,2,2,1,0,2679
2,0,44,1,0,0,5,1,2,3,1,1,559
2,0,52,0,0,0,7,0,2,3,1,1,2663
2,1,51,1,0,0,1,1,3,3,0,1,647
1,0,59,0,0,0,9,0,2,3,0,1,2697
3,1,61,0,0,0,1,0,3,3,0,0,2538
1,0,57,0,0,0,2,0,3,3,1,0,2219
3,1,65,0,0,0,1,0,2,3,1,0,2487
2,0,73,1,0,0,1,0,2,3,0,0,2709
1,0,69,0,0,0,6,1,3,3,0,1,840
3,1,63,0,0,0,1,0,2,3,1,0,2267
2,1,75,0,0,0,2,0,2,2,0,0,2444
2,0,64,0,0,0,5,0,1,3,0,1,2393
1,0,56,0,0,0,1,0,1,1,0,0,2237
2,1,69,0,0,0,2,0,2,3,0,0,2915
2,0,64,0,0,0,2,0,2,3,0,0,2467
2,0,74,1,0,0,2,1,2,3,0,0,1092
2,1,72,0,0,0,4,0,2,2,1,0,2726
2,1,58,1,0,0,9,0,2,3,1,0,2764
3,0,74,0,0,1,15,0,3,4,0,1,2592
1,0,61,0,0,0,2,0,1,2,0,0,2730
1,0,74,0,0,0,1,1,2,2,0,0,2287
3,1,64,0,0,0,5,0,2,3,0,1,2117
3,0,71,0,0,0,20,1,2,3,0,1,1668
1,0,53,1,0,0,2,0,1,3,1,0,2651
2,0,76,1,0,0,1,0,2,3,1,0,2676
2,0,75,1,0,1,3,1,2,2,1,0,1885
2,1,65,0,0,0,8,1,2,3,1,1,475
1,0,57,0,0,0,5,1,2,3,1,1,1246
2,1,65,0,0,1,1,0,3,3,0,0,2204
1,1,53,0,0,0,2,0,2,4,0,0,2716
2,1,74,0,0,0,4,1,2,3,0,0,797
3,1,74,0,0,0,1,0,2,3,0,0,2527
3,0,74,0,0,1,1,1,3,3,0,0,2021
3,0,48,0,0,0,6,1,2,3,0,1,498
3,0,74,0,0,0,3,1,2,3,0,0,802
3,0,71,0,0,0,1,0,2,3,1,0,2674
1,0,54,0,0,0,2,1,2,3,1,0,743
3,1,80,0,0,0,4,0,2,2,1,0,2517
2,1,70,0,0,1,8,1,2,3,1,1,349
3,1,70,1,0,0,1,0,2,3,0,0,2723
1,1,70,0,0,0,1,1,3,3,1,0,775
1,1,71,0,0,0,4,0,2,3,0,0,2326
1,1,59,0,0,0,2,1,2,3,0,0,1134
2,1,63,0,0,0,2,0,3,3,0,0,2547
2,0,69,0,0,0,7,1,2,3,0,1,940
3,0,73,0,0,0,1,0,2,3,0,0,2496
1,1,67,0,0,0,1,0,2,3,0,0,2628
3,0,55,0,0,0,1,0,2,3,0,0,2353
1,1,45,0,0,0,2,0,2,3,1,0,2184
3,0,78,1,0,0,3,0,2,3,1,0,2219
2,1,80,0,0,0,3,1,2,3,0,0,191
1,1,55,0,0,0,8,1,2,3,0,1,421
2,0,60,0,1,0,10,1,2,3,1,1,952
3,0,74,0,0,0,5,1,2,3,1,1,911
2,0,61,0,0,0,1,1,2,3,0,0,1851
1,1,64,0,0,0,4,0,2,2,0,0,2423
1,0,48,0,0,1,1,1,3,3,1,0,464
2,1,76,0,0,0,2,1,2,3,0,0,443
2,0,50,0,0,0,4,0,2,3,1,0,2545
2,1,56,0,0,0,3,1,2,4,0,0,356
3,0,42,0,0,0,10,1,3,3,1,1,484
2,0,72,0,0,0,1,1,2,3,0,0,382
1,0,68,0,0,1,9,1,2,3,1,1,1021
2,1,49,0,0,0,1,0,2,2,1,0,2472
2,1,64,0,0,0,12,0,2,3,1,1,2352
1,0,70,0,0,0,1,0,1,2,0,0,2486
3,1,50,0,0,1,2,1,2,4,0,0,324
1,1,74,0,0,1,3,0,3,3,1,0,2517
2,0,37,0,0,0,1,0,2,3,0,0,2613
3,0,75,0,0,0,1,0,3,3,0,0,2450
1,0,56,0,0,0,2,1,3,3,0,0,770
3,1,74,0,0,0,3,0,1,3,1,0,2490
1,1,63,0,0,0,2,1,2,3,0,0,1548
2,1,56,0,0,0,2,0,2,2,0,0,2449
3,1,42,0,0,0,13,0,2,3,0,1,2299
2,0,62,0,0,0,2,1,2,3,1,0,730
3,0,33,0,0,0,2,0,2,3,0,0,2460
1,0,50,0,0,0,8,1,2,3,0,1,499
2,1,73,0,0,0,6,1,3,3,0,1,129
3,0,61,0,0,0,9,1,3,3,1,1,52
1,1,70,1,1,0,1,1,2,3,1,0,2171
2,0,38,0,0,0,3,1,2,3,0,0,1178
1,0,64,1,0,0,3,1,2,3,0,0,1915
2,0,39,0,0,0,2,0,2,3,0,0,2572
3,0,47,0,0,0,1,0,2,3,0,0,2590
1,1,76,0,0,1,13,1,3,3,0,1,215
1,1,65,0,0,0,2,0,2,3,0,0,2325
2,0,43,1,0,0,4,1,2,3,0,1,961
2,1,72,0,0,0,1,0,2,3,1,0,2691
1,1,33,0,0,0,2,0,2,3,1,0,2574
3,1,66,0,0,0,7,0,2,3,0,1,2540
3,0,74,0,0,0,2,0,2,3,0,0,2364
3,1,54,0,0,0,1,0,2,3,0,0,2472
1,1,44,0,0,0,14,1,2,3,0,1,409
1,1,75,1,0,0,27,1,2,2,0,1,961
2,1,58,0,0,0,6,0,2,3,0,1,2449
2,1,48,0,0,0,6,0,1,2,1,1,2520
3,0,64,0,0,0,1,1,2,3,0,0,916
2,1,49,0,0,0,1,0,1,3,0,0,2227
1,0,55,0,0,0,1,0,2,3,0,1,2394
3,1,60,0,0,0,3,0,2,3,0,0,2029
1,1,67,0,0,0,2,0,2,3,0,0,2487
3,1,79,0,0,0,1,1,2,2,0,0,2052
2,1,57,0,0,0,1,0,2,3,0,0,2690
1,0,22,0,0,0,3,0,2,3,1,0,2234
1,1,59,1,0,0,4,1,1,3,0,0,537
3,0,66,1,0,0,1,0,1,3,0,0,2277
2,1,54,0,0,1,2,1,2,4,0,0,729
1,1,58,0,0,0,1,0,2,2,0,0,2194
1,0,36,1,0,0,7,0,2,3,0,1,2551
1,1,52,0,0,0,4,1,2,3,0,0,1692
1,0,61,0,0,0,1,1,2,3,0,0,758
2,0,76,0,0,0,2,1,1,3,0,0,2079
2,0,58,0,0,1,6,1,1,3,0,1,720
2,1,52,0,0,0,5,0,1,3,0,1,2380
1,1,72,0,0,0,1,1,2,3,1,0,845
2,1,74,0,0,0,1,0,1,3,0,0,2416
1,1,62,0,0,0,6,1,2,2,1,1,863
1,0,46,0,0,1,1,1,2,3,0,0,1363
1,1,66,0,0,0,1,0,2,3,0,0,2528
3,1,52,0,0,0,5,1,2,3,0,1,1145
1,1,61,0,0,0,1,1,2,3,1,0,242
1,0,60,0,0,0,1,0,1,3,0,0,2294
2,0,68,0,0,1,2,1,1,3,0,0,858
2,0,53,0,0,0,6,1,2,3,1,1,122
3,1,58,0,0,0,1,0,2,3,1,0,2682
1,1,64,0,0,0,4,1,2,3,0,0,1818
1,1,68,1,0,1,3,0,2,3,0,0,2532
1,1,62,0,0,1,6,1,2,4,0,1,331
1,1,70,0,0,0,1,1,1,3,0,0,1048
3,1,57,0,0,0,1,0,2,3,0,0,2513
3,0,66,0,0,1,1,1,2,4,0,0,340
2,0,59,0,0,0,11,1,2,3,0,1,1850
2,1,75,0,0,0,3,0,1,3,0,0,2332
3,1,77,0,0,0,2,0,2,3,0,0,2279
2,1,57,0,0,0,6,1,2,3,0,1,1041
1,1,72,0,0,0,2,1,1,2,1,0,1790
3,0,64,1,0,0,3,1,2,3,0,0,304
3,1,33,0,0,0,2,0,3,3,0,0,2517
3,0,62,0,0,0,2,0,2,3,1,0,2156
3,1,70,0,0,0,1,1,2,3,0,0,1388
2,0,55,1,0,0,4,0,1,3,0,0,2544
1,1,32,1,0,1,11,0,2,3,0,1,1852
1,0,64,1,0,0,2,0,2,2,0,0,2122
1,0,48,0,0,0,1,0,2,4,0,0,2577
2,1,68,0,0,1,3,1,2,3,1,0,2023
3,0,59,0,0,0,1,1,2,3,1,0,1201
1,1,68,0,0,1,9,1,3,3,0,1,901
2,0,50,0,0,1,1,0,1,3,1,0,2385
1,0,41,1,0,0,4,1,2,3,0,0,663
2,0,69,0,0,1,1,0,2,3,0,0,2506
3,1,46,0,0,0,2,0,1,2,0,0,2332
1,1,43,0,0,0,1,0,2,3,0,0,2176
3,1,68,0,0,0,3,1,3,3,1,0,1212
2,1,73,0,0,0,3,1,2,3,0,0,890
3,0,66,0,0,1,4,1,3,4,0,0,302
1,0,60,0,0,1,1,0,2,3,0,0,2396
3,1,74,0,0,0,2,0,2,3,1,0,2481
2,1,68,0,0,0,1,1,1,3,0,0,316
3,0,60,1,0,0,1,0,2,3,0,0,2245
1,1,71,0,0,1,1,0,2,4,0,0,2447
1,1,76,0,0,0,2,0,2,1,0,0,2213
1,1,57,0,0,0,8,1,3,2,0,1,1070
2,0,33,0,0,0,7,1,3,3,0,1,439
2,1,54,0,0,0,4,1,2,3,0,0,905
1,1,68,0,0,0,13,1,2,3,1,1,1723
1,0,70,0,0,0,6,1,3,2,1,1,241
1,1,66,0,0,0,5,1,2,3,0,1,1314
2,0,45,1,0,0,3,1,2,3,0,0,438
2,0,61,0,0,0,2,0,2,3,0,0,1981
1,0,74,0,0,1,1,0,3,3,1,0,2195
1,1,47,1,1,1,4,1,2,3,0,0,1101
3,0,58,1,0,0,5,1,3,3,0,1,79
1,1,73,0,0,0,1,1,2,3,1,0,976
2,1,61,0,0,0,17,1,2,3,1,1,664
1,0,44,0,0,0,4,0,2,3,0,0,2299
3,1,56,0,0,0,1,1,2,3,0,1,279
2,0,66,0,0,0,7,1,2,3,0,1,1037
1,0,30,0,0,0,6,1,3,3,0,1,692
3,0,67,0,0,1,10,1,2,3,0,1,2174
2,0,74,0,0,0,2,0,2,3,0,0,2144
2,0,74,0,0,1,1,0,3,3,0,0,2058
1,1,56,0,0,0,4,0,2,3,0,0,2485
3,0,60,0,0,0,2,0,2,3,1,0,2410
2,0,54,1,0,1,2,0,3,2,0,0,2565
3,0,74,0,0,0,3,1,2,2,0,0,884
3,0,45,0,0,0,3,1,2,3,0,0,389
3,0,81,0,0,0,1,1,2,3,0,0,692
3,1,73,1,0,0,1,1,2,3,0,0,642
2,1,71,1,0,0,1,1,2,3,1,0,846
3,1,66,0,0,0,1,0,2,3,0,0,2164
1,1,48,0,0,0,1,0,3,2,1,1,2393
3,0,55,0,0,0,4,1,2,3,0,0,862
3,0,72,0,0,0,2,0,3,2,0,0,2331
3,1,57,0,0,0,11,1,3,3,0,1,144
1,1,38,0,0,0,2,0,1,3,0,0,2429
2,1,52,1,0,0,0,1,2,3,0,0,723
1,1,57,0,0,0,1,0,2,3,0,0,2530
2,0,33,0,0,0,2,1,2,3,0,0,1568
1,0,39,0,0,0,2,0,2,2,0,0,2292
2,1,61,0,0,0,1,0,2,3,1,0,2252
3,0,71,0,0,0,1,0,3,3,0,0,2408
2,1,58,0,0,0,4,0,2,3,0,0,2555
3,0,66,0,0,0,7,1,3,3,0,1,276
1,0,59,0,0,0,4,1,2,2,1,0,1896
3,0,43,1,0,0,1,0,2,3,0,0,2147
1,1,66,0,0,0,3,0,2,3,0,0,2269
1,0,48,0,0,0,1,0,2,3,0,0,2391
3,1,68,0,0,0,1,1,2,3,0,0,1424
3,0,77,0,0,0,10,0,3,4,0,1,2381
3,0,68,1,0,0,1,0,2,3,0,0,2103
1,0,44,0,0,1,1,0,2,4,0,0,2210
3,0,63,0,0,0,1,0,2,3,0,0,2530
2,1,66,0,0,0,1,0,2,3,0,0,2386
2,1,50,0,0,0,3,1,3,3,0,0,219
2,1,72,0,0,0,1,1,2,3,0,0,486
3,1,40,0,0,0,5,1,1,3,0,1,1246
2,1,49,0,0,0,10,0,2,3,0,1,2138
3,0,56,0,0,0,2,0,3,3,0,0,2439
1,1,61,0,0,0,2,0,2,2,0,0,2231
1,1,65,0,0,0,6,1,2,3,1,1,384
3,1,65,0,0,0,2,0,2,2,0,0,2505
2,0,72,0,0,0,1,1,1,1,0,0,1652
3,0,68,0,0,1,1,0,2,3,1,0,2441
1,0,59,0,0,0,4,1,2,3,1,0,687
3,1,59,0,0,0,4,0,2,3,0,0,2179
3,0,71,1,0,0,6,0,2,3,0,1,2189
2,1,49,0,0,0,8,0,2,3,0,1,2472
3,1,70,0,0,0,3,0,2,3,1,0,2111
3,1,55,0,0,0,7,0,3,3,0,1,2020
2,0,46,0,1,0,7,1,2,3,0,1,1161
1,1,77,0,0,0,1,0,2,3,1,0,2231
3,1,57,0,0,0,4,0,2,3,0,0,2300
1,1,68,0,0,0,1,0,2,3,0,0,2391
2,1,62,0,0,1,1,1,2,3,0,0,759
1,1,44,0,0,0,7,1,3,3,0,1,166
2,0,58,0,0,1,1,0,2,3,0,0,2323
3,0,75,0,0,0,2,0,1,3,0,0,2321
1,0,70,1,0,0,7,0,2,3,1,1,1976
1,1,82,0,0,0,6,0,2,3,1,1,2229
3,0,61,0,0,0,3,1,2,3,0,0,1671
1,1,52,0,0,0,2,1,2,3,0,0,1907
3,1,47,0,0,0,7,1,3,3,0,1,1783
2,0,61,0,0,0,7,1,3,3,1,1,684
3,1,39,0,0,0,9,1,2,3,0,1,441
2,0,69,0,0,0,3,1,2,2,0,0,902
2,1,55,0,0,0,7,0,3,3,0,1,2244
1,0,56,1,0,0,1,0,2,3,0,1,2170
1,1,80,0,0,0,1,0,3,3,0,0,1870
2,1,43,0,0,0,4,0,2,3,0,0,2066
2,1,83,0,0,0,2,0,2,3,1,0,2030
1,0,85,0,0,0,1,1,1,3,1,0,253
3,1,61,0,0,0,1,0,2,3,0,0,2047
2,0,47,0,0,0,9,1,2,4,0,1,1768
3,0,76,0,0,0,1,0,2,3,0,0,2043
3,1,58,0,0,0,1,0,2,3,0,0,2162
1,1,59,0,0,0,2,0,2,2,0,0,2093
2,0,60,0,0,0,1,0,2,3,0,0,2310
2,1,32,0,0,0,2,1,2,3,0,0,2128
2,1,75,0,0,0,2,1,2,3,1,0,219
3,1,62,0,0,0,3,0,1,3,1,0,2309
1,0,69,0,0,0,12,1,2,3,0,1,313
2,1,72,0,0,1,4,1,2,3,1,0,546
1,0,54,0,0,0,1,1,2,3,1,0,2213
3,1,72,0,0,0,1,1,2,3,0,0,1856
3,0,27,0,0,0,1,0,2,3,0,0,1421
3,0,62,0,0,0,4,1,2,4,1,0,460
2,0,39,0,0,0,2,0,2,1,1,0,2173
3,0,60,0,0,0,4,1,2,3,1,0,283
3,1,55,1,0,0,5,1,3,3,0,1,34
1,1,64,0,0,0,1,0,2,3,0,0,2191
2,0,68,0,0,0,12,0,3,3,0,1,2186
1,0,65,0,0,0,2,1,2,3,0,0,1159
3,0,66,1,0,0,3,1,1,3,0,0,616
2,1,39,0,0,0,2,0,3,3,0,0,2270
1,1,34,1,0,0,1,1,2,3,0,0,591
2,0,74,0,0,0,4,0,2,3,0,0,2065
1,0,81,1,0,1,3,1,2,3,0,0,208
3,1,38,0,0,0,1,0,2,3,0,0,2360
2,0,59,0,0,0,3,0,2,3,1,0,2312
2,0,62,0,0,0,1,0,2,3,0,0,1902
3,1,61,1,0,0,5,0,1,2,0,1,1814
1,1,46,1,0,0,2,0,2,3,1,0,2111
3,1,55,0,0,0,1,0,2,3,0,0,2330
1,1,57,0,0,0,5,0,2,3,0,1,2202
2,0,38,0,0,0,3,1,2,3,1,0,1295
2,0,69,0,0,1,19,0,2,3,0,1,1918
1,0,79,0,0,1,6,0,2,2,1,1,2066
3,0,71,0,0,0,2,0,2,3,0,0,2136
2,1,74,0,0,0,1,0,3,3,1,0,2289
3,0,30,1,0,0,12,1,2,3,0,1,576
1,0,72,0,0,0,1,0,3,3,0,0,2232
2,0,68,1,0,0,3,1,2,3,0,0,1034
1,1,63,0,0,0,4,1,2,3,0,0,417
3,0,52,0,0,1,1,0,2,3,0,0,1905
2,1,64,0,0,0,4,1,2,3,1,0,875
3,1,68,0,0,0,1,1,2,3,0,0,674
2,1,74,0,0,0,2,0,2,3,0,0,2185
3,1,32,0,0,0,2,1,2,3,1,0,1151
2,0,60,1,0,0,6,1,2,3,1,1,342
1,0,39,0,0,0,8,0,2,3,0,1,2187
1,0,76,0,0,1,5,1,2,3,0,1,1434
3,1,62,0,0,0,14,1,3,3,1,1,430
2,0,41,0,0,1,2,0,2,3,0,0,2339
3,1,35,0,0,1,2,1,2,3,1,0,1365
1,0,59,0,0,0,1,0,2,3,0,0,2313
1,1,52,0,0,0,2,0,2,3,0,0,2153
3,1,65,0,0,0,1,0,2,3,0,0,2164
3,1,61,0,0,0,3,0,3,3,1,0,2180
1,1,61,0,0,0,8,0,1,3,0,0,2110
1,1,59,0,0,0,1,0,1,3,0,0,2139
3,0,71,0,0,0,5,1,2,2,0,1,2197
1,1,39,0,0,0,4,0,3,4,0,0,453
1,1,65,0,0,0,7,1,3,3,0,1,928
2,0,34,1,0,0,3,1,1,3,0,0,675
1,1,51,1,0,0,4,0,2,3,1,0,2170
1,0,55,0,0,0,3,0,2,3,0,0,2138
3,1,65,0,1,0,3,0,3,3,0,0,2255
2,0,68,1,0,0,1,1,2,3,0,0,1055
2,0,59,0,0,0,1,0,2,3,0,0,2347
2,1,66,0,0,0,2,1,3,3,0,0,573
1,1,62,0,0,0,2,0,2,2,0,0,2200
3,0,40,0,0,0,8,1,2,3,0,1,550
2,1,64,0,0,0,3,1,3,3,0,0,1405
3,1,40,1,0,0,2,0,3,3,1,0,2355
2,1,70,0,0,0,9,1,2,3,0,1,1186
3,1,73,1,0,1,1,0,2,2,0,0,2229
2,1,69,0,0,0,1,1,1,3,0,0,969
1,1,58,0,0,0,1,1,2,3,0,0,465
3,0,55,0,0,0,6,1,2,3,0,1,603
2,0,53,0,0,1,6,1,2,3,1,1,997
2,1,52,0,0,0,2,0,2,3,0,0,2274
1,0,62,0,0,0,3,1,2,3,0,0,563
2,1,61,0,0,1,2,1,2,3,0,0,1434
3,0,69,0,0,0,3,0,2,3,1,0,2316
3,0,41,1,0,0,3,1,2,3,0,0,692
1,1,64,0,0,0,3,1,2,3,0,0,1447
3,0,59,0,0,0,3,1,3,3,0,0,428
2,0,65,0,0,0,1,0,1,2,1,0,2152
1,1,66,0,0,0,3,1,2,3,1,0,854
2,1,60,0,0,0,2,0,2,3,0,0,2093
3,1,43,0,0,1,1,0,2,3,1,0,2198
1,1,74,0,0,0,1,0,3,3,1,0,2126
3,1,67,0,0,0,2,0,3,2,0,0,2189
2,1,46,1,0,0,1,0,2,3,0,0,2142
3,1,47,0,0,0,3,0,2,2,0,0,2278
1,1,66,1,0,0,4,1,2,3,0,0,622
3,0,36,1,0,0,6,0,2,3,0,1,2192
1,1,62,1,0,0,2,1,3,3,1,0,413
2,0,69,0,0,0,2,1,2,3,0,0,1191
1,0,76,0,0,0,3,1,1,3,1,0,1139
2,1,36,1,0,0,2,1,3,3,1,0,165
1,1,72,0,0,0,5,0,2,2,0,1,2227
2,1,61,0,0,0,1,0,2,2,0,0,2076
1,1,58,0,0,0,2,0,2,3,0,0,2132
3,0,52,1,0,0,3,0,1,3,0,0,2084
1,1,66,0,0,0,2,0,2,4,0,0,1905
2,0,43,0,0,0,7,1,2,3,1,1,608
3,1,60,0,0,0,1,0,2,2,1,0,2066
1,0,61,0,0,0,4,0,2,3,0,0,2006
2,1,61,0,0,0,3,0,2,2,0,0,2183
3,1,46,0,0,0,1,0,2,1,0,0,2099
2,1,73,0,0,0,1,0,2,3,0,0,1879
1,0,65,1,0,0,3,1,2,3,1,0,264
3,0,61,1,0,0,1,0,2,3,0,0,2107
2,1,65,0,0,0,15,1,3,3,0,1,743
1,1,68,0,0,0,2,1,2,3,0,0,966
3,1,63,0,0,0,1,0,2,3,0,0,2076
2,1,72,1,0,0,4,1,3,3,1,0,24
3,0,74,0,1,0,2,1,2,3,1,0,448
2,0,45,0,0,0,9,1,2,3,0,1,909
2,0,66,0,0,0,1,0,1,3,1,0,2188
1,0,46,0,1,1,2,1,3,4,1,0,594
3,0,51,0,0,0,1,0,2,3,1,0,2008
3,1,65,0,0,0,3,1,2,4,0,0,1276
1,1,55,0,0,0,2,1,2,3,0,0,957
1,1,58,0,0,0,4,1,2,3,1,0,1950
3,1,65,0,0,0,1,0,2,3,0,0,2668
3,0,46,1,0,0,2,0,1,3,1,0,2250
2,0,57,0,0,0,1,0,2,3,0,0,2191
1,1,67,0,0,1,1,0,2,3,0,0,2365
2,0,75,0,0,0,1,0,2,3,0,0,2331
2,1,64,0,0,1,5,1,2,3,1,1,1262
2,1,63,0,0,0,2,0,2,3,0,0,1537
2,1,64,0,0,0,3,0,2,3,0,1,2387
1,1,59,0,0,0,1,0,2,3,0,0,2235
2,0,78,0,0,0,3,0,2,3,0,0,1980
3,1,63,0,0,0,2,1,1,1,0,0,578
1,1,57,0,0,0,4,1,1,3,0,0,1083
1,1,52,0,0,0,3,1,2,3,1,0,1875
1,0,50,0,0,0,3,0,2,3,1,0,2384
1,1,36,1,0,0,3,1,2,3,1,0,563
3,0,50,0,0,0,4,0,3,3,0,0,2076
1,1,53,0,0,0,1,0,2,3,0,0,2025
3,1,48,0,0,0,7,0,2,3,1,1,2055
1,0,55,0,0,0,2,1,2,3,1,0,1375
3,1,47,0,0,0,2,0,2,2,0,0,2350
2,0,74,0,0,1,1,0,2,3,0,0,2200
3,1,53,1,1,0,3,0,2,3,0,0,2222
1,1,55,0,0,0,7,0,2,3,0,1,2149
2,1,53,0,0,0,4,0,2,2,0,0,2303
1,1,67,0,1,0,4,1,2,4,0,0,322
2,1,56,0,0,0,3,1,2,3,0,0,764
3,0,30,1,0,1,1,1,2,3,0,0,765
2,0,56,0,0,0,8,1,1,3,0,1,93
3,1,46,1,0,0,3,0,2,3,0,0,1918
2,1,60,0,0,0,1,1,1,2,0,0,1932
1,0,60,0,0,0,1,0,2,2,1,0,2278
1,1,57,1,0,0,9,1,3,3,0,1,145
3,0,42,0,0,0,1,0,3,3,0,0,1913
1,1,58,0,0,0,2,0,2,3,0,0,2176
1,0,53,0,0,0,1,0,3,3,1,0,1995
3,1,73,0,0,1,1,0,2,3,0,0,2023
1,1,73,0,0,0,7,0,2,3,0,1,1935
3,0,77,0,0,0,1,0,3,3,0,0,2191
2,1,74,0,0,0,8,1,2,3,0,1,628
3,1,70,0,0,0,3,0,2,2,0,0,1976
1,0,53,0,0,0,5,0,2,3,0,1,1819
3,0,68,0,0,1,8,1,2,4,0,1,141
2,1,59,1,0,0,2,1,2,3,1,0,422
2,1,29,1,0,0,3,0,2,3,0,0,2006
1,0,57,0,0,0,2,0,2,2,0,0,2113
1,1,61,0,0,0,4,0,2,2,0,0,1823
1,1,68,1,0,0,3,0,2,3,1,0,2170
3,1,49,0,0,0,11,1,2,3,0,1,1812
2,0,70,0,0,0,2,0,2,3,0,0,1838
1,1,53,1,0,0,2,0,2,3,1,0,1855
3,0,57,1,0,0,2,1,3,3,1,0,269
2,1,76,0,0,0,1,0,2,3,0,0,2414
2,1,59,0,0,1,2,0,2,2,1,0,2174
3,1,56,0,0,0,1,0,2,2,0,0,2263
3,1,38,0,0,0,7,1,2,3,0,1,1495
2,0,61,0,0,0,10,1,3,3,0,1,314
1,1,49,0,0,0,2,0,2,3,0,0,2261
1,0,69,0,0,0,12,1,2,3,1,1,716
1,1,53,0,0,0,1,0,2,3,0,0,2190
3,0,72,0,0,0,6,0,3,3,0,1,2331
2,0,57,0,0,0,3,0,2,3,0,0,2187
2,1,73,0,0,1,1,1,2,4,0,0,602
3,0,58,0,0,1,2,1,1,3,1,0,666
3,1,69,0,0,0,5,1,2,3,1,1,138
1,0,69,1,0,0,3,0,3,3,0,0,2001
3,0,47,0,0,0,5,1,2,3,0,1,887
2,0,80,0,1,0,2,1,1,2,0,0,1207
3,1,67,0,0,0,2,0,2,3,0,0,1997
2,0,54,0,0,0,1,0,2,3,1,0,1864
3,1,63,0,0,1,7,0,3,3,0,1,2422
3,0,65,0,1,1,3,0,2,3,0,0,2375
1,0,48,1,0,0,2,1,2,3,0,0,718
1,1,52,0,0,0,2,0,2,3,0,0,2204
1,1,67,0,0,1,1,0,1,3,0,0,2120
2,0,70,0,1,1,5,1,1,3,0,1,766
2,0,51,1,0,1,6,1,3,3,0,1,366
3,0,32,0,0,0,14,1,3,2,0,1,1752
3,1,63,0,0,1,7,0,3,3,1,1,2183
1,0,81,0,0,1,1,0,2,3,0,0,1902
1,1,66,0,0,0,7,1,2,4,0,1,259
3,0,60,0,1,1,4,1,3,3,1,0,609
1,0,81,1,0,0,1,1,1,3,0,0,832
1,1,66,1,0,1,4,1,2,3,0,0,164
2,1,78,0,0,1,2,0,3,3,1,0,1828
2,0,46,0,0,0,3,0,2,3,0,0,2147
3,0,57,0,0,0,3,0,2,1,0,0,2221
3,0,67,0,0,0,2,1,3,3,1,0,503
2,1,68,0,0,0,9,1,2,3,0,1,376
3,0,38,0,0,0,2,1,2,3,0,0,811
3,0,70,0,0,0,3,0,2,3,0,0,1985
1,1,66,0,0,0,2,0,2,3,1,0,2076
2,1,63,0,0,0,8,1,2,3,0,1,1154
3,1,72,0,0,0,5,1,2,2,0,1,844
1,1,61,1,0,1,1,1,1,3,0,0,1031
3,1,46,0,0,0,3,1,2,3,1,0,1302
3,0,36,1,0,0,3,0,2,3,0,0,2169
1,0,69,0,0,0,1,0,2,2,1,0,1929
3,0,75,0,0,0,1,0,2,3,0,0,1800
2,0,64,0,0,0,12,1,2,3,0,1,355
2,1,77,0,0,0,1,1,2,3,1,0,669
1,0,51,0,0,0,7,1,2,2,0,1,465
1,1,36,0,0,0,6,0,2,3,1,1,2157
1,1,56,0,0,0,7,1,2,3,1,1,929
2,0,63,0,0,0,2,0,2,3,1,0,2242
2,1,64,0,0,0,2,0,2,3,0,0,2212
2,1,44,0,0,0,1,0,2,3,0,0,2148
2,1,73,1,0,0,7,1,2,3,1,1,171
2,1,54,1,0,0,1,1,2,4,0,0,629
2,1,44,0,0,0,2,1,2,2,1,0,1829
2,1,30,0,1,0,9,0,2,3,0,1,1939
3,0,65,0,0,0,7,1,2,3,0,1,529
1,0,68,1,0,0,2,0,2,3,1,0,2130
1,1,62,0,0,0,5,1,3,3,0,1,587
2,0,36,0,0,0,7,1,1,2,0,1,1145
3,1,57,0,0,0,2,0,1,3,0,0,2162
2,1,39,0,0,0,11,0,2,3,0,1,2129
1,1,53,0,0,0,3,1,2,3,1,0,1437
2,1,60,1,0,0,14,1,2,4,1,1,512
1,0,65,1,0,0,1,0,2,3,0,0,2008
3,0,61,0,0,0,1,0,2,3,0,0,1814
2,0,77,1,0,1,3,0,2,3,0,0,2161
1,0,48,1,0,0,5,1,2,3,1,1,506
1,1,77,0,0,0,3,1,1,3,1,0,1482
2,1,69,0,0,0,10,0,3,3,0,1,1964
3,0,36,0,0,0,17,1,3,3,0,1,693
3,0,64,0,0,1,4,1,2,3,0,0,592
3,1,70,0,0,0,1,0,2,2,0,0,2207
3,0,74,0,0,0,3,0,1,3,0,0,2181
3,1,63,0,0,0,9,1,3,3,0,1,696
2,0,52,0,0,0,10,1,3,3,0,1,257
2,0,54,0,0,0,3,1,2,3,1,0,2171
3,0,54,1,0,0,4,0,2,3,0,0,2209
2,0,41,1,0,0,1,1,1,3,1,0,1122
1,0,61,0,0,0,4,1,2,3,1,0,936
3,0,34,1,0,0,10,1,3,3,1,1,601
1,0,59,1,0,0,3,0,2,3,0,0,2265
3,0,57,0,0,0,3,0,2,3,0,0,2198
1,0,39,0,0,0,6,1,2,2,1,1,275
1,1,74,0,0,0,3,1,3,3,0,0,1195
2,1,45,1,0,0,3,0,2,3,0,0,2099
3,0,66,0,0,0,1,0,2,3,0,0,2165
2,1,60,0,0,0,2,0,2,3,1,0,2212
3,1,73,0,0,0,1,1,2,3,0,0,355
1,0,76,0,0,0,1,0,3,2,0,0,2097
2,0,79,1,0,0,1,1,2,3,0,0,56
2,1,47,1,0,0,4,1,2,3,0,0,589
1,1,60,0,0,0,9,1,2,3,0,1,510
2,0,62,0,0,0,3,0,2,3,0,0,2250
1,1,18,1,0,1,4,1,3,2,0,0,612
2,0,75,0,0,0,5,0,2,3,0,1,2284
2,0,56,0,0,0,3,0,1,3,0,0,1992
3,1,70,1,0,0,5,1,2,2,0,1,251
1,0,64,0,0,0,1,1,2,3,0,0,1209
2,0,63,0,0,0,1,0,2,3,0,0,2122
2,0,52,1,0,0,2,0,1,3,0,0,2111
3,0,71,0,0,1,11,1,2,3,1,1,274
3,0,54,0,0,0,1,1,1,3,1,0,1306
2,0,27,0,0,0,1,1,3,2,0,0,1325
1,1,68,0,0,1,10,0,2,3,0,1,1968
1,0,49,0,0,0,2,1,2,3,0,0,753
1,1,61,0,0,1,2,1,2,4,0,0,760
3,1,40,0,0,0,16,0,2,3,0,1,1861
3,1,38,0,0,0,3,1,1,3,0,0,1138
1,0,56,0,0,0,2,0,2,2,0,0,2167
3,1,79,1,0,0,1,0,2,3,0,0,1944
1,0,55,0,0,0,13,1,3,3,0,1,372
1,0,59,0,0,0,1,0,2,1,1,0,1792
2,1,36,0,0,1,4,1,2,3,0,0,986
3,0,63,1,0,0,2,0,2,3,0,0,2378
1,1,27,0,1,1,12,1,2,3,0,1,390
2,0,66,0,0,1,2,1,2,2,1,0,642
2,1,63,0,0,0,3,0,2,3,0,0,2345
2,1,64,0,0,0,2,0,2,2,0,0,2254
1,0,78,0,0,0,1,0,2,3,0,0,2118
3,0,66,1,0,0,2,1,2,3,0,0,1831
1,0,64,0,0,0,3,0,3,3,0,0,2167
1,1,68,0,0,0,2,1,2,3,0,0,1198
3,1,35,0,0,1,2,0,2,3,0,0,2050
3,1,64,0,0,1,2,1,3,3,0,0,271
2,0,60,0,0,0,2,0,2,2,1,0,2138
1,0,55,1,0,0,1,0,2,3,0,0,1891
1,1,39,0,0,0,6,1,2,3,0,1,1313
3,1,67,0,0,0,3,0,2,3,1,0,1853
2,1,55,1,0,0,3,0,3,3,0,0,2130
2,1,61,0,0,0,8,1,2,3,0,1,150
2,0,67,0,0,0,6,1,2,3,0,1,759
2,1,62,0,0,0,1,0,2,3,1,0,2100
3,0,52,0,0,0,4,0,2,3,0,0,2101
2,1,80,0,0,0,1,1,2,3,0,0,942
1,0,51,0,0,0,11,0,2,3,0,1,1823
1,1,74,0,0,0,1,1,3,1,1,0,665
1,1,70,1,1,1,4,1,2,3,0,0,1656
3,1,73,0,0,0,4,0,2,3,0,0,1969
2,0,56,0,0,0,3,0,3,4,0,0,2190
1,0,70,1,0,0,15,1,2,3,0,1,576
2,1,68,0,0,0,12,1,2,3,0,1,1103
2,1,51,0,0,1,2,1,3,3,1,0,1046
3,0,56,0,0,0,3,0,2,3,0,0,1929
1,1,71,0,0,0,10,1,1,3,0,1,125
1,0,63,0,0,0,2,1,1,3,1,0,187
2,1,82,0,0,0,3,1,2,3,0,0,939
1,0,68,0,0,0,12,1,3,3,1,1,887
1,0,55,0,0,0,2,0,2,3,0,0,1803
3,1,71,0,0,0,1,0,2,3,0,0,2018
2,0,68,0,0,1,12,1,2,3,0,1,1509
2,1,60,0,0,0,13,1,2,3,0,1,314
2,1,72,0,0,0,3,0,1,3,1,0,1971
3,1,69,1,1,1,3,0,2,3,0,0,1827
1,0,46,1,0,0,3,1,2,2,0,0,1079
2,0,42,0,0,0,6,0,1,3,0,1,2114
1,0,37,0,0,0,8,1,2,3,1,1,1262
1,0,71,0,0,0,5,1,3,3,0,1,259
2,1,50,0,0,0,7,1,2,2,0,1,323
2,0,70,1,0,1,1,1,2,2,0,0,678
3,0,70,0,0,1,5,0,2,2,0,1,1827
2,1,58,1,0,0,3,1,2,4,0,0,1399
3,0,70,0,0,0,1,1,2,3,0,0,1022
3,1,55,1,0,0,2,0,3,3,0,0,2240
1,1,64,1,0,1,2,0,3,3,0,0,2158
3,1,71,0,0,1,4,0,2,3,0,0,1875
2,0,72,0,0,0,1,0,2,3,0,0,2154
2,1,76,0,0,1,1,1,3,3,0,0,1018
3,0,48,1,0,0,4,0,2,3,1,1,2072
2,0,66,1,0,0,1,0,2,3,0,0,1820
